Id;Name;RequiredRank;Lat;Lon;StartDay;StartMonth;StartYear;StartHour;StartMinute;EndDay;EndMonth;EndYear;EndHour;EndMinute
1;NBL A1: NH Ostrava - BK Opava;15;49.8209;18.2625;4;3;2026;18;0;4;3;2026;20;0
2;NBL A1: NH Ostrava - BK Opava;25;49.8209;18.2625;4;3;2026;18;0;4;3;2026;20;0
3;NBL A1: NH Ostrava - BK Opava;35;49.8209;18.2625;4;3;2026;18;0;4;3;2026;20;0
4;NBL A1: ERA Basketball Nymburk - PUMPA Basket Brno;15;50.186;15.041;5;3;2026;18;0;5;3;2026;20;0
5;NBL A1: ERA Basketball Nymburk - PUMPA Basket Brno;25;50.186;15.041;5;3;2026;18;0;5;3;2026;20;0
6;NBL A1: ERA Basketball Nymburk - PUMPA Basket Brno;35;50.186;15.041;5;3;2026;18;0;5;3;2026;20;0
7;NBL A1: SLUNETA  Ústí nad Labem - BK ARMEX ENERGY Děčín;15;50.6607;14.0322;5;3;2026;18;0;5;3;2026;20;0
8;NBL A1: SLUNETA  Ústí nad Labem - BK ARMEX ENERGY Děčín;25;50.6607;14.0322;5;3;2026;18;0;5;3;2026;20;0
9;NBL A1: SLUNETA  Ústí nad Labem - BK ARMEX ENERGY Děčín;35;50.6607;14.0322;5;3;2026;18;0;5;3;2026;20;0
10;NBL A1: Sršni Photomate Písek - BK KVIS Pardubice;15;49.3088;14.1475;6;3;2026;17;0;6;3;2026;19;0
11;NBL A1: Sršni Photomate Písek - BK KVIS Pardubice;25;49.3088;14.1475;6;3;2026;17;0;6;3;2026;19;0
12;NBL A1: Sršni Photomate Písek - BK KVIS Pardubice;35;49.3088;14.1475;6;3;2026;17;0;6;3;2026;19;0
13;NBL A1: ERA Basketball Nymburk - BK Opava;15;50.186;15.041;7;3;2026;15;0;7;3;2026;17;0
14;NBL A1: ERA Basketball Nymburk - BK Opava;25;50.186;15.041;7;3;2026;15;0;7;3;2026;17;0
15;NBL A1: ERA Basketball Nymburk - BK Opava;35;50.186;15.041;7;3;2026;15;0;7;3;2026;17;0
16;NBL A2: USK Praha - SK Slavia Praha;15;50.0755;14.4378;5;3;2026;18;0;5;3;2026;20;0
17;NBL A2: USK Praha - SK Slavia Praha;25;50.0755;14.4378;5;3;2026;18;0;5;3;2026;20;0
18;NBL A2: USK Praha - SK Slavia Praha;35;50.0755;14.4378;5;3;2026;18;0;5;3;2026;20;0
19;NBL A2: BK GAPA Hradec Králové - BK Olomoucko;15;50.0281;15.2006;5;3;2026;19;0;5;3;2026;21;0
20;NBL A2: BK GAPA Hradec Králové - BK Olomoucko;25;50.0281;15.2006;5;3;2026;19;0;5;3;2026;21;0
21;NBL A2: BK GAPA Hradec Králové - BK Olomoucko;35;50.0281;15.2006;5;3;2026;19;0;5;3;2026;21;0
22;1LM SkC: SKB FASTAV Zlín - BK Lokomotiva  Plzeň;40;49.2266;17.6672;6;3;2026;19;0;6;3;2026;21;0
23;1LM SkC: SKB FASTAV Zlín - BK Lokomotiva  Plzeň;50;49.2266;17.6672;6;3;2026;19;0;6;3;2026;21;0
24;1LM SkC: BK VIVIDBOOKS Pardubice - Válečníci Děčín;40;50.0343;15.7812;6;3;2026;20;0;6;3;2026;22;0
25;1LM SkC: BK VIVIDBOOKS Pardubice - Válečníci Děčín;50;50.0343;15.7812;6;3;2026;20;0;6;3;2026;22;0
26;1LM SkC: BC Nový Jičín - Slavoj BK Litoměřice;40;49.5938;18.01;8;3;2026;16;0;8;3;2026;18;0
27;1LM SkC: BC Nový Jičín - Slavoj BK Litoměřice;50;49.5938;18.01;8;3;2026;16;0;8;3;2026;18;0
28;1LM PO: Basketbal Olomouc - USK Praha B;60;49.5938;17.2509;6;3;2026;19;0;6;3;2026;21;0
29;1LM PO: Basketbal Olomouc - USK Praha B;70;49.5938;17.2509;6;3;2026;19;0;6;3;2026;21;0
30;1LM PO: Sokol Pražský - BK NAPOS Vysoká n. L.;60;50.064;14.417;6;3;2026;19;30;6;3;2026;21;30
31;1LM PO: Sokol Pražský - BK NAPOS Vysoká n. L.;70;50.064;14.417;6;3;2026;19;30;6;3;2026;21;30
32;1LM PO: CZ.ACADEMY - GBA Lions Jindřichův Hradec;60;50.0755;14.4378;6;3;2026;19;30;6;3;2026;21;30
33;1LM PO: CZ.ACADEMY - GBA Lions Jindřichův Hradec;70;50.0755;14.4378;6;3;2026;19;30;6;3;2026;21;30
34;1LM PO: MS Academy - BK Levharti Chomutov;60;50.0755;14.4378;8;3;2026;18;0;8;3;2026;20;0
35;1LM PO: MS Academy - BK Levharti Chomutov;70;50.0755;14.4378;8;3;2026;18;0;8;3;2026;20;0
36;1LM SkD: BA LYNX Liberecko - BASKET Brno U23;40;50.767;15.056;6;3;2026;19;30;6;3;2026;21;30
37;1LM SkD: BA LYNX Liberecko - BASKET Brno U23;50;50.767;15.056;6;3;2026;19;30;6;3;2026;21;30
38;1LM SkD: BK Wolves Radotín - BK Opava B;40;50.084;14.453;8;3;2026;18;0;8;3;2026;20;0
39;1LM SkD: BK Wolves Radotín - BK Opava B;50;50.084;14.453;8;3;2026;18;0;8;3;2026;20;0
40;1LM SkD: Tuři Svitavy - Basketbal Polabí;40;49.7562;16.4678;8;3;2026;18;0;8;3;2026;20;0
41;1LM SkD: Tuři Svitavy - Basketbal Polabí;50;49.7562;16.4678;8;3;2026;18;0;8;3;2026;20;0
42;2LM SkB: BC Vysočina - Jižní Supi;80;49.596;15.591;6;3;2026;19;0;6;3;2026;21;0
43;2LM SkB: BC Vysočina - Jižní Supi;90;49.596;15.591;6;3;2026;19;0;6;3;2026;21;0
44;2LM SkC: TJ Sokol Karviná - SK UP Olomouc;80;49.85;18.54;8;3;2026;10;0;8;3;2026;12;0
45;2LM SkC: TJ Sokol Karviná - SK UP Olomouc;90;49.85;18.54;8;3;2026;10;0;8;3;2026;12;0
46;EXL U19M: Sokol Písek Sršni - BK Lokomotiva  Plzeň;80;49.3088;14.1475;4;3;2026;18;30;4;3;2026;20;30
47;EXL U19M: Sokol Písek Sršni - BK Lokomotiva  Plzeň;90;49.3088;14.1475;4;3;2026;18;30;4;3;2026;20;30
48;EXL U19M: BA Nymburk - Sokol pražský;80;50.186;15.041;7;3;2026;13;0;7;3;2026;15;0
49;EXL U19M: BA Nymburk - Sokol pražský;90;50.186;15.041;7;3;2026;13;0;7;3;2026;15;0
50;EXL U19M: BK VIVIDBOOKS Pardubice - Sokol Písek Sršni;80;50.0343;15.7812;7;3;2026;14;0;7;3;2026;16;0
51;EXL U19M: BK VIVIDBOOKS Pardubice - Sokol Písek Sršni;90;50.0343;15.7812;7;3;2026;14;0;7;3;2026;16;0
52;EXL U19M: USK Praha - MS Academy;80;50.0755;14.4378;7;3;2026;15;30;7;3;2026;17;30
53;EXL U19M: USK Praha - MS Academy;90;50.0755;14.4378;7;3;2026;15;30;7;3;2026;17;30
54;EXL U19M: Válečníci Děčín - BK Lokomotiva  Plzeň;80;50.777;14.214;7;3;2026;16;15;7;3;2026;18;15
55;EXL U19M: Válečníci Děčín - BK Lokomotiva  Plzeň;90;50.777;14.214;7;3;2026;16;15;7;3;2026;18;15
56;EXL U19M: BK Opava - Tygři Praha;80;49.9387;17.9026;7;3;2026;17;0;7;3;2026;19;0
57;EXL U19M: BK Opava - Tygři Praha;90;49.9387;17.9026;7;3;2026;17;0;7;3;2026;19;0
58;EXL U19M: GBA Pelhřimov - Tygři Brno;80;49.431;15.222;7;3;2026;18;0;7;3;2026;20;0
59;EXL U19M: GBA Pelhřimov - Tygři Brno;90;49.431;15.222;7;3;2026;18;0;7;3;2026;20;0
60;CLG U19M POB: Sokol Žižkov - BC Benešov;90;50.084;14.453;7;3;2026;11;0;7;3;2026;13;0
61;CLG U19M POB: Sokol Žižkov - BC Benešov;100;50.084;14.453;7;3;2026;11;0;7;3;2026;13;0
62;CLG U19M POB: BC Vysočina - BK Brandýs nad Labem;90;49.596;15.591;7;3;2026;17;0;7;3;2026;19;0
63;CLG U19M POB: BC Vysočina - BK Brandýs nad Labem;100;49.596;15.591;7;3;2026;17;0;7;3;2026;19;0
64;CLG U19M POB: BK Sojky Pelhřimov B - Tesla Pardubice;90;49.431;15.222;7;3;2026;18;0;7;3;2026;20;0
65;CLG U19M POB: BK Sojky Pelhřimov B - Tesla Pardubice;100;49.431;15.222;7;3;2026;18;0;7;3;2026;20;0
66;CLG U19M POB: BK Sojky Pelhřimov B - BK Brandýs nad Labem;90;49.431;15.222;8;3;2026;10;0;8;3;2026;12;0
67;CLG U19M POB: BK Sojky Pelhřimov B - BK Brandýs nad Labem;100;49.431;15.222;8;3;2026;10;0;8;3;2026;12;0
68;CLG U19M POB: BC Vysočina - Tesla Pardubice;90;49.596;15.591;8;3;2026;10;0;8;3;2026;12;0
69;CLG U19M POB: BC Vysočina - Tesla Pardubice;100;49.596;15.591;8;3;2026;10;0;8;3;2026;12;0
70;CLG U19M Finálova Sk: BASKET Brno - BCM Orli Olomoucko;90;49.1951;16.6068;7;3;2026;12;30;7;3;2026;14;30
71;CLG U19M Finálova Sk: BASKET Brno - BCM Orli Olomoucko;100;49.1951;16.6068;7;3;2026;12;30;7;3;2026;14;30
72;CLG U19M Finálova Sk: SLUNETA Ústí nad Labem - BK Levharti Chomutov;90;50.6607;14.0322;7;3;2026;15;0;7;3;2026;17;0
73;CLG U19M Finálova Sk: SLUNETA Ústí nad Labem - BK Levharti Chomutov;100;50.6607;14.0322;7;3;2026;15;0;7;3;2026;17;0
74;CLG U19M Finálova Sk: GBA Lions Jindřichův Hradec - Academy NH Ostrava;90;49.144;15.003;7;3;2026;16;0;7;3;2026;18;0
75;CLG U19M Finálova Sk: GBA Lions Jindřichův Hradec - Academy NH Ostrava;100;49.144;15.003;7;3;2026;16;0;7;3;2026;18;0
76;CLG U19M Finálova Sk: BASKET Brno - Academy NH Ostrava;90;49.1951;16.6068;8;3;2026;10;0;8;3;2026;12;0
77;CLG U19M Finálova Sk: BASKET Brno - Academy NH Ostrava;100;49.1951;16.6068;8;3;2026;10;0;8;3;2026;12;0
78;CLG U19M Finálova Sk: GBA Lions Jindřichův Hradec - BCM Orli Olomoucko;90;49.144;15.003;8;3;2026;13;0;8;3;2026;15;0
79;CLG U19M Finálova Sk: GBA Lions Jindřichův Hradec - BCM Orli Olomoucko;100;49.144;15.003;8;3;2026;13;0;8;3;2026;15;0
80;CLG U19M POC: BK Snakes Ostrava B - SKB FASTAV Zlín;90;49.8209;18.2625;7;3;2026;15;30;7;3;2026;17;30
81;CLG U19M POC: BK Snakes Ostrava B - SKB FASTAV Zlín;100;49.8209;18.2625;7;3;2026;15;30;7;3;2026;17;30
82;CLG U19M POC: SK Brno Žabovřesky - Jiskra Kyjov;90;49.1951;16.6068;7;3;2026;16;0;7;3;2026;18;0
83;CLG U19M POC: SK Brno Žabovřesky - Jiskra Kyjov;100;49.1951;16.6068;7;3;2026;16;0;7;3;2026;18;0
84;CLG U19M POC: Basketpoint Frýdek-Místek - SK UP BCM Olomoucko;90;49.68;18.36;7;3;2026;17;30;7;3;2026;19;30
85;CLG U19M POC: Basketpoint Frýdek-Místek - SK UP BCM Olomoucko;100;49.68;18.36;7;3;2026;17;30;7;3;2026;19;30
86;CLG U19M POC: Basketpoint Frýdek-Místek - SKB FASTAV Zlín;90;49.68;18.36;8;3;2026;10;0;8;3;2026;12;0
87;CLG U19M POC: Basketpoint Frýdek-Místek - SKB FASTAV Zlín;100;49.68;18.36;8;3;2026;10;0;8;3;2026;12;0
88;CLG U19M POC: BK Snakes Ostrava B - SK UP BCM Olomoucko;90;49.8209;18.2625;8;3;2026;12;0;8;3;2026;14;0
89;CLG U19M POC: BK Snakes Ostrava B - SK UP BCM Olomoucko;100;49.8209;18.2625;8;3;2026;12;0;8;3;2026;14;0
90;CLG U19M POA: Jižní Supi - Slavoj BK Litoměřice;90;49;14.5;7;3;2026;17;0;7;3;2026;19;0
91;CLG U19M POA: Jižní Supi - Slavoj BK Litoměřice;100;49;14.5;7;3;2026;17;0;7;3;2026;19;0
92;CLG U19M POA: Tygři Praha B - Válečníci Děčín B;90;50.0755;14.4378;7;3;2026;19;30;7;3;2026;21;30
93;CLG U19M POA: Tygři Praha B - Válečníci Děčín B;100;50.0755;14.4378;7;3;2026;19;30;7;3;2026;21;30
94;CLG U19M POA: Jižní Supi - Válečníci Děčín B;90;49;14.5;8;3;2026;11;0;8;3;2026;13;0
95;CLG U19M POA: Jižní Supi - Válečníci Děčín B;100;49;14.5;8;3;2026;11;0;8;3;2026;13;0
96;CLG U19M POA: BA Grizzlies Plzeň - BK Jiskra Domažlice;90;49.7384;13.3736;8;3;2026;15;0;8;3;2026;17;0
97;CLG U19M POA: BA Grizzlies Plzeň - BK Jiskra Domažlice;100;49.7384;13.3736;8;3;2026;15;0;8;3;2026;17;0
98;CLG U19M POA: Tygři Praha B - Slavoj BK Litoměřice;90;50.0755;14.4378;8;3;2026;15;0;8;3;2026;17;0
99;CLG U19M POA: Tygři Praha B - Slavoj BK Litoměřice;100;50.0755;14.4378;8;3;2026;15;0;8;3;2026;17;0
100;NRL U19M SkC+D: BA Tygři Louny - AŠ Mladá Boleslav;90;50.354;13.798;4;3;2026;20;30;4;3;2026;22;30
101;NRL U19M SkC+D: BA Tygři Louny - AŠ Mladá Boleslav;100;50.354;13.798;4;3;2026;20;30;4;3;2026;22;30
102;NRL U19M SkC+D: Sokol Žižkov B - BA Tygři Louny;90;50.084;14.453;7;3;2026;13;30;7;3;2026;15;30
103;NRL U19M SkC+D: Sokol Žižkov B - BA Tygři Louny;100;50.084;14.453;7;3;2026;13;30;7;3;2026;15;30
104;NRL U19M SkG: BK Snakes Ostrava C - BK Snakes Orlová;90;49.8209;18.2625;7;3;2026;9;0;7;3;2026;11;0
105;NRL U19M SkG: BK Snakes Ostrava C - BK Snakes Orlová;100;49.8209;18.2625;7;3;2026;9;0;7;3;2026;11;0
106;NRL U19M SkG: BK Opava B - BK Hladnov Ostrava;90;49.9387;17.9026;8;3;2026;12;30;8;3;2026;14;30
107;NRL U19M SkG: BK Opava B - BK Hladnov Ostrava;100;49.9387;17.9026;8;3;2026;12;30;8;3;2026;14;30
108;NRL U19M SkA: BA Grizzlies Karlovy Vary - BK Sokolov;90;50.4608;13.4178;7;3;2026;10;0;7;3;2026;12;0
109;NRL U19M SkA: BA Grizzlies Karlovy Vary - BK Sokolov;100;50.4608;13.4178;7;3;2026;10;0;7;3;2026;12;0
110;NRL U19M SkA: SKB Rokycany - BA Grizzlies Plzeň B;90;49.742;13.595;7;3;2026;14;0;7;3;2026;16;0
111;NRL U19M SkA: SKB Rokycany - BA Grizzlies Plzeň B;100;49.742;13.595;7;3;2026;14;0;7;3;2026;16;0
112;NRL U19M SkA: BK Klatovy - BK Beroun;90;49.4406;12.9298;7;3;2026;17;0;7;3;2026;19;0
113;NRL U19M SkA: BK Klatovy - BK Beroun;100;49.4406;12.9298;7;3;2026;17;0;7;3;2026;19;0
114;NRL U19M SkA: BK Klatovy - BA Grizzlies Karlovy Vary;90;49.4406;12.9298;8;3;2026;10;30;8;3;2026;12;30
115;NRL U19M SkA: BK Klatovy - BA Grizzlies Karlovy Vary;100;49.4406;12.9298;8;3;2026;10;30;8;3;2026;12;30
116;NRL U19M SkA: BK Sokolov - BK Beroun;90;50.18;12.64;8;3;2026;14;0;8;3;2026;16;0
117;NRL U19M SkA: BK Sokolov - BK Beroun;100;50.18;12.64;8;3;2026;14;0;8;3;2026;16;0
118;NRL U19M: BK Kladno - Sokol Vyšehrad;90;50.143;14.1053;7;3;2026;13;0;7;3;2026;15;0
119;NRL U19M: BK Kladno - Sokol Vyšehrad;100;50.143;14.1053;7;3;2026;13;0;7;3;2026;15;0
120;NRL U19M SkB: BK Sojky Pelhřimov B - Radotínský SK;90;49.431;15.222;7;3;2026;13;30;7;3;2026;15;30
121;NRL U19M SkB: BK Sojky Pelhřimov B - Radotínský SK;100;49.431;15.222;7;3;2026;13;30;7;3;2026;15;30
122;NRL U19M: BŠ Tygři Praha C - BA Sparta Praha;90;50.0755;14.4378;7;3;2026;15;0;7;3;2026;17;0
123;NRL U19M: BŠ Tygři Praha C - BA Sparta Praha;100;50.0755;14.4378;7;3;2026;15;0;7;3;2026;17;0
124;NRL U19M: Válečníci Děčín C - BK Baník Most;90;50.777;14.214;8;3;2026;15;30;8;3;2026;17;30
125;NRL U19M: Válečníci Děčín C - BK Baník Most;100;50.777;14.214;8;3;2026;15;30;8;3;2026;17;30
126;NRL U19M SkF: SK Bruntál - BK Krnov;90;49.988;17.464;8;3;2026;12;10;8;3;2026;14;10
127;NRL U19M SkF: SK Bruntál - BK Krnov;100;49.988;17.464;8;3;2026;12;10;8;3;2026;14;10
128;EXL U17M NSB: SLUNETA Ústí nad Labem - SK UP Olomoucko A;80;50.6607;14.0322;4;3;2026;19;0;4;3;2026;21;0
129;EXL U17M NSB: SLUNETA Ústí nad Labem - SK UP Olomoucko A;90;50.6607;14.0322;4;3;2026;19;0;4;3;2026;21;0
130;EXL U17M NSA: Válečníci Děčín - BK VIVIDBOOKS Pardubice;80;50.777;14.214;4;3;2026;19;0;4;3;2026;21;0
131;EXL U17M NSA: Válečníci Děčín - BK VIVIDBOOKS Pardubice;90;50.777;14.214;4;3;2026;19;0;4;3;2026;21;0
132;EXL U17M NSA: Tygři Praha - BK VIVIDBOOKS Pardubice;80;50.0755;14.4378;5;3;2026;17;0;5;3;2026;19;0
133;EXL U17M NSA: Tygři Praha - BK VIVIDBOOKS Pardubice;90;50.0755;14.4378;5;3;2026;17;0;5;3;2026;19;0
134;NRL U17M SkE místo: Basketbal Kolín - Basket Poděbrady B;90;50.028;15.2;4;3;2026;17;0;4;3;2026;19;0
135;NRL U17M SkE místo: Basketbal Kolín - Basket Poděbrady B;100;50.028;15.2;4;3;2026;17;0;4;3;2026;19;0
136;NRL U17M SkC: Sokol Žižkov B - BK Baník Most;90;50.084;14.453;4;3;2026;19;0;4;3;2026;21;0
137;NRL U17M SkC: Sokol Žižkov B - BK Baník Most;100;50.084;14.453;4;3;2026;19;0;4;3;2026;21;0
138;NRL U17M SkA: BK Sokolov - TJ Thermia Karlovy Vary;90;50.18;12.64;6;3;2026;17;30;6;3;2026;19;30
139;NRL U17M SkA: BK Sokolov - TJ Thermia Karlovy Vary;100;50.18;12.64;6;3;2026;17;30;6;3;2026;19;30
140;NRL U17M SkG: TJ Sokol BK Chrudim - SCHALTAG Basket Ústí nad Orlicí;90;49.954;15.795;7;3;2026;9;0;7;3;2026;11;0
141;NRL U17M SkG: TJ Sokol BK Chrudim - SCHALTAG Basket Ústí nad Orlicí;100;49.954;15.795;7;3;2026;9;0;7;3;2026;11;0
142;NRL U17M SkG: TJ Jiskra Heřmanův Městec - BC Spartak Rychnov nad Kněžnou;90;49.934;15.658;7;3;2026;10;0;7;3;2026;12;0
143;NRL U17M SkG: TJ Jiskra Heřmanův Městec - BC Spartak Rychnov nad Kněžnou;100;49.934;15.658;7;3;2026;10;0;7;3;2026;12;0
144;NRL U17M SkG: TJ Jiskra Havlíčkův Brod - TJ Tuři Svitavy;90;49.607;15.582;7;3;2026;13;0;7;3;2026;15;0
145;NRL U17M SkG: TJ Jiskra Havlíčkův Brod - TJ Tuři Svitavy;100;49.607;15.582;7;3;2026;13;0;7;3;2026;15;0
146;NRL U17M SkG: SKB Česká Třebová - SŠB Pardubice;90;49.9;16.45;7;3;2026;16;0;7;3;2026;18;0
147;NRL U17M SkG: SKB Česká Třebová - SŠB Pardubice;100;49.9;16.45;7;3;2026;16;0;7;3;2026;18;0
148;NRL U17M SkF: BK Bizoni Náchod - TJ AŠ Mladá Boleslav;90;50.415;16.164;7;3;2026;9;30;7;3;2026;11;30
149;NRL U17M SkF: BK Bizoni Náchod - TJ AŠ Mladá Boleslav;100;50.415;16.164;7;3;2026;9;30;7;3;2026;11;30
150;NRL U17M SkF: SK Týniště nad Orlicí - Basket Turnov;90;50.158;16.11;7;3;2026;10;0;7;3;2026;12;0
151;NRL U17M SkF: SK Týniště nad Orlicí - Basket Turnov;100;50.158;16.11;7;3;2026;10;0;7;3;2026;12;0
152;NRL U17M SkF: BK GAPA Hradec Králové - BK Loko Trutnov;90;50.0281;15.2006;8;3;2026;9;0;8;3;2026;11;0
153;NRL U17M SkF: BK GAPA Hradec Králové - BK Loko Trutnov;100;50.0281;15.2006;8;3;2026;9;0;8;3;2026;11;0
154;NRL U17M SkF: BLNP - Sokol Nová Paka;90;49.2266;17.6672;8;3;2026;10;0;8;3;2026;12;0
155;NRL U17M SkF: BLNP - Sokol Nová Paka;100;49.2266;17.6672;8;3;2026;10;0;8;3;2026;12;0
156;ŽL U15M Liga B: BCM Orli Prostějov - Vlci Žďár;110;49.4719;17.1102;3;3;2026;17;0;3;3;2026;19;0
157;ŽL U15M Liga B: BCM Orli Prostějov - Vlci Žďár;120;49.4719;17.1102;3;3;2026;17;0;3;3;2026;19;0
158;ŽL U15M Liga B: TJ Start Havířov - BBA ST Brno;110;49.77;18.44;7;3;2026;15;0;7;3;2026;17;0
159;ŽL U15M Liga B: TJ Start Havířov - BBA ST Brno;120;49.77;18.44;7;3;2026;15;0;7;3;2026;17;0
160;ŽL U15M Liga B: SKUP-BCM Olomouc - BASKET Brno;110;49.5938;17.2509;7;3;2026;15;30;7;3;2026;17;30
161;ŽL U15M Liga B: SKUP-BCM Olomouc - BASKET Brno;120;49.5938;17.2509;7;3;2026;15;30;7;3;2026;17;30
162;ŽL U15M Liga B: SKUP-BCM Olomouc - BBA ST Brno;110;49.5938;17.2509;8;3;2026;9;30;8;3;2026;11;30
163;ŽL U15M Liga B: SKUP-BCM Olomouc - BBA ST Brno;120;49.5938;17.2509;8;3;2026;9;30;8;3;2026;11;30
164;ŽL U15M Liga B: TJ Start Havířov - BASKET Brno;110;49.77;18.44;8;3;2026;12;30;8;3;2026;14;30
165;ŽL U15M Liga B: TJ Start Havířov - BASKET Brno;120;49.77;18.44;8;3;2026;12;30;8;3;2026;14;30
166;EXL U15M Extraliga B: Basketpoint Frýdek-Místek - BBA Brno;80;49.68;18.36;4;3;2026;18;0;4;3;2026;20;0
167;EXL U15M Extraliga B: Basketpoint Frýdek-Místek - BBA Brno;90;49.68;18.36;4;3;2026;18;0;4;3;2026;20;0
168;EXL U15M Extraliga B: Academy NH Ostrava - BBA Brno;80;49.8209;18.2625;7;3;2026;9;0;7;3;2026;11;0
169;EXL U15M Extraliga B: Academy NH Ostrava - BBA Brno;90;49.8209;18.2625;7;3;2026;9;0;7;3;2026;11;0
170;EXL U15M Extraliga B: Basketpoint Frýdek-Místek - BA Nymburk;80;49.68;18.36;7;3;2026;15;0;7;3;2026;17;0
171;EXL U15M Extraliga B: Basketpoint Frýdek-Místek - BA Nymburk;90;49.68;18.36;7;3;2026;15;0;7;3;2026;17;0
172;EXL U15M Extraliga B: BK Snakes Ostrava - BK Brandýs nad Labem;80;49.8209;18.2625;7;3;2026;17;30;7;3;2026;19;30
173;EXL U15M Extraliga B: BK Snakes Ostrava - BK Brandýs nad Labem;90;49.8209;18.2625;7;3;2026;17;30;7;3;2026;19;30
174;EXL U15M Extraliga B: BK Snakes Ostrava - BA Nymburk;80;49.8209;18.2625;8;3;2026;10;0;8;3;2026;12;0
175;EXL U15M Extraliga B: BK Snakes Ostrava - BA Nymburk;90;49.8209;18.2625;8;3;2026;10;0;8;3;2026;12;0
176;EXL U15M Extraliga B: Basketpoint Frýdek-Místek - BK Brandýs nad Labem;80;49.68;18.36;8;3;2026;12;30;8;3;2026;14;30
177;EXL U15M Extraliga B: Basketpoint Frýdek-Místek - BK Brandýs nad Labem;90;49.68;18.36;8;3;2026;12;30;8;3;2026;14;30
178;EXL U15M Extraliga B: Academy NH Ostrava - BK VIVIDBOOKS Pardubice;80;49.8209;18.2625;8;3;2026;15;0;8;3;2026;17;0
179;EXL U15M Extraliga B: Academy NH Ostrava - BK VIVIDBOOKS Pardubice;90;49.8209;18.2625;8;3;2026;15;0;8;3;2026;17;0
180;EXL U15M Extraliga A: Válečníci Děčín - Jižní Supi;80;50.777;14.214;7;3;2026;10;15;7;3;2026;12;15
181;EXL U15M Extraliga A: Válečníci Děčín - Jižní Supi;90;50.777;14.214;7;3;2026;10;15;7;3;2026;12;15
182;EXL U15M Extraliga A: Slavoj BK Litoměřice - Tygři Praha;80;50.5335;14.1317;7;3;2026;11;0;7;3;2026;13;0
183;EXL U15M Extraliga A: Slavoj BK Litoměřice - Tygři Praha;90;50.5335;14.1317;7;3;2026;11;0;7;3;2026;13;0
184;EXL U15M Extraliga A: BK Lokomotiva  Plzeň - Sokol Pražský;80;49.7384;13.3736;7;3;2026;13;0;7;3;2026;15;0
185;EXL U15M Extraliga A: BK Lokomotiva  Plzeň - Sokol Pražský;90;49.7384;13.3736;7;3;2026;13;0;7;3;2026;15;0
186;EXL U15M Extraliga A: USK Praha - Sokol Písek Sršni;80;50.0755;14.4378;7;3;2026;13;0;7;3;2026;15;0
187;EXL U15M Extraliga A: USK Praha - Sokol Písek Sršni;90;50.0755;14.4378;7;3;2026;13;0;7;3;2026;15;0
188;EXL U15M Extraliga A: Slavoj BK Litoměřice - Jižní Supi;80;50.5335;14.1317;8;3;2026;10;0;8;3;2026;12;0
189;EXL U15M Extraliga A: Slavoj BK Litoměřice - Jižní Supi;90;50.5335;14.1317;8;3;2026;10;0;8;3;2026;12;0
190;EXL U15M Extraliga A: USK Praha - BK Lokomotiva  Plzeň;80;50.0755;14.4378;8;3;2026;10;30;8;3;2026;12;30
191;EXL U15M Extraliga A: USK Praha - BK Lokomotiva  Plzeň;90;50.0755;14.4378;8;3;2026;10;30;8;3;2026;12;30
192;EXL U15M Extraliga A: Válečníci Děčín - Tygři Praha;80;50.777;14.214;8;3;2026;12;45;8;3;2026;14;45
193;EXL U15M Extraliga A: Válečníci Děčín - Tygři Praha;90;50.777;14.214;8;3;2026;12;45;8;3;2026;14;45
194;EXL U15M Extraliga A: Sokol Pražský - Sokol Písek Sršni;80;50.064;14.417;8;3;2026;15;0;8;3;2026;17;0
195;EXL U15M Extraliga A: Sokol Pražský - Sokol Písek Sršni;90;50.064;14.417;8;3;2026;15;0;8;3;2026;17;0
196;ŽL U15M Liga A: TJ Slovan Varnsdorf - BA Radotín;100;50.913;14.613;7;3;2026;13;15;7;3;2026;15;15
197;ŽL U15M Liga A: TJ Slovan Varnsdorf - BA Radotín;110;50.913;14.613;7;3;2026;13;15;7;3;2026;15;15
198;ŽL U15M Liga A: BK Levharti Chomutov - Sokol Žižkov;100;50.4608;13.4178;7;3;2026;15;0;7;3;2026;17;0
199;ŽL U15M Liga A: BK Levharti Chomutov - Sokol Žižkov;110;50.4608;13.4178;7;3;2026;15;0;7;3;2026;17;0
200;ŽL U15M Liga A: BA Sparta - BA Lynx Liberecko;100;50.0755;14.4378;7;3;2026;15;30;7;3;2026;17;30
201;ŽL U15M Liga A: BA Sparta - BA Lynx Liberecko;110;50.0755;14.4378;7;3;2026;15;30;7;3;2026;17;30
202;ŽL U15M Liga A: BK Teplice - SLUNETA Ústí nad Labem;100;50.425;14.258;7;3;2026;16;0;7;3;2026;18;0
203;ŽL U15M Liga A: BK Teplice - SLUNETA Ústí nad Labem;110;50.425;14.258;7;3;2026;16;0;7;3;2026;18;0
204;ŽL U15M Liga A: BK Levharti Chomutov - SLUNETA Ústí nad Labem;100;50.4608;13.4178;8;3;2026;9;0;8;3;2026;11;0
205;ŽL U15M Liga A: BK Levharti Chomutov - SLUNETA Ústí nad Labem;110;50.4608;13.4178;8;3;2026;9;0;8;3;2026;11;0
206;ŽL U15M Liga A: BK Teplice - Sokol Žižkov;100;50.425;14.258;8;3;2026;10;0;8;3;2026;12;0
207;ŽL U15M Liga A: BK Teplice - Sokol Žižkov;110;50.425;14.258;8;3;2026;10;0;8;3;2026;12;0
208;ŽL U15M Liga A: BA Sparta - TJ Slovan Varnsdorf;100;50.0755;14.4378;8;3;2026;13;30;8;3;2026;15;30
209;ŽL U15M Liga A: BA Sparta - TJ Slovan Varnsdorf;110;50.0755;14.4378;8;3;2026;13;30;8;3;2026;15;30
210;ŽL U15M Liga A: BA Radotín - BA Lynx Liberecko;100;50.084;14.453;8;3;2026;14;0;8;3;2026;16;0
211;ŽL U15M Liga A: BA Radotín - BA Lynx Liberecko;110;50.084;14.453;8;3;2026;14;0;8;3;2026;16;0
212;NRL U15M SkA: BA Grizzlies Plzeň - BK Klatovy;90;49.7384;13.3736;7;3;2026;10;0;7;3;2026;12;0
213;NRL U15M SkA: BA Grizzlies Plzeň - BK Klatovy;100;49.7384;13.3736;7;3;2026;10;0;7;3;2026;12;0
214;NRL U15M SkA: BK Beroun - TJ Thermia Karlovy Vary;90;49.964;14.073;7;3;2026;10;30;7;3;2026;12;30
215;NRL U15M SkA: BK Beroun - TJ Thermia Karlovy Vary;100;49.964;14.073;7;3;2026;10;30;7;3;2026;12;30
216;NRL U15M SkA: BK Lokomotiva Plzeň B - BK Mariánské Lázně;90;49.7384;13.3736;7;3;2026;15;30;7;3;2026;17;30
217;NRL U15M SkA: BK Lokomotiva Plzeň B - BK Mariánské Lázně;100;49.7384;13.3736;7;3;2026;15;30;7;3;2026;17;30
218;NRL U15M SkB: BK Medvědi Tábor - BC Benešov;90;49.42;14.66;7;3;2026;11;0;7;3;2026;13;0
219;NRL U15M SkB: BK Medvědi Tábor - BC Benešov;100;49.42;14.66;7;3;2026;11;0;7;3;2026;13;0
220;NRL U15M SkB: Tygři Borotín - Sokol Vyšehrad;90;49.3955;13.2952;7;3;2026;11;0;7;3;2026;13;0
221;NRL U15M SkB: Tygři Borotín - Sokol Vyšehrad;100;49.3955;13.2952;7;3;2026;11;0;7;3;2026;13;0
222;NRL U15M SkB: Basket Bechyně - Tigers Basketball České Budějovice;90;49.2987;14.47;8;3;2026;10;0;8;3;2026;12;0
223;NRL U15M SkB: Basket Bechyně - Tigers Basketball České Budějovice;100;49.2987;14.47;8;3;2026;10;0;8;3;2026;12;0
224;NRL U15M SkC: BŠ Tygři Praha B - BA 2006´ Roudnice n.L.;90;50.0755;14.4378;7;3;2026;13;0;7;3;2026;15;0
225;NRL U15M SkC: BŠ Tygři Praha B - BA 2006´ Roudnice n.L.;100;50.0755;14.4378;7;3;2026;13;0;7;3;2026;15;0
226;NRL U15M SkC: SLUNETA Ústí n.L. B - Slavoj Český Brod;90;50.6607;14.0322;7;3;2026;17;0;7;3;2026;19;0
227;NRL U15M SkC: SLUNETA Ústí n.L. B - Slavoj Český Brod;100;50.6607;14.0322;7;3;2026;17;0;7;3;2026;19;0
228;NRL U15M SkC: Slavoj BK Litoměřice B - BK Kladno;90;50.5335;14.1317;8;3;2026;14;0;8;3;2026;16;0
229;NRL U15M SkC: Slavoj BK Litoměřice B - BK Kladno;100;50.5335;14.1317;8;3;2026;14;0;8;3;2026;16;0
230;NRL U15M SkC: TJ Sokol Kbely - BA 2006´ Roudnice n.L.;90;50.128;14.57;8;3;2026;15;0;8;3;2026;17;0
231;NRL U15M SkC: TJ Sokol Kbely - BA 2006´ Roudnice n.L.;100;50.128;14.57;8;3;2026;15;0;8;3;2026;17;0
232;NRL U15M SkF: Basket Valmez - SK UP BCM Olomouc B;90;49.466;18.009;7;3;2026;16;0;7;3;2026;18;0
233;NRL U15M SkF: Basket Valmez - SK UP BCM Olomouc B;100;49.466;18.009;7;3;2026;16;0;7;3;2026;18;0
234;NRL U15M SkF: BK Lipník*2x10 - TBS Přerov;90;49.523;17.592;8;3;2026;9;30;8;3;2026;11;30
235;NRL U15M SkF: BK Lipník*2x10 - TBS Přerov;100;49.523;17.592;8;3;2026;9;30;8;3;2026;11;30
236;NRL U15M SkH: Academy NH Ostrava B - BK Hladnov Ostrava;90;49.8209;18.2625;7;3;2026;19;0;7;3;2026;21;0
237;NRL U15M SkH: Academy NH Ostrava B - BK Hladnov Ostrava;100;49.8209;18.2625;7;3;2026;19;0;7;3;2026;21;0
238;NRL U15M SkG: BK Snakes Orlová - SBŠ Karviná;90;49.85;18.35;8;3;2026;16;15;8;3;2026;18;15
239;NRL U15M SkG: BK Snakes Orlová - SBŠ Karviná;100;49.85;18.35;8;3;2026;16;15;8;3;2026;18;15
240;ŽL U14M Liga E: BK Opava - BK Snakes Ostrava;110;49.9387;17.9026;2;3;2026;18;0;2;3;2026;20;0
241;ŽL U14M Liga E: BK Opava - BK Snakes Ostrava;120;49.9387;17.9026;2;3;2026;18;0;2;3;2026;20;0
242;ŽL U14M Liga E: Basketpoint Frýdek-Místek - BCM Orli Prostějov;110;49.68;18.36;5;3;2026;18;15;5;3;2026;20;15
243;ŽL U14M Liga E: Basketpoint Frýdek-Místek - BCM Orli Prostějov;120;49.68;18.36;5;3;2026;18;15;5;3;2026;20;15
244;EXL U14M Extraliga B: SKUP-BCM Olomouc - BASKET Brno;80;49.5938;17.2509;4;3;2026;17;0;4;3;2026;19;0
245;EXL U14M Extraliga B: SKUP-BCM Olomouc - BASKET Brno;90;49.5938;17.2509;4;3;2026;17;0;4;3;2026;19;0
246;ŽL U14M Liga D: BBA Skokani Brno A - TJ Třebíč;110;49.1951;16.6068;6;3;2026;18;20;6;3;2026;20;20
247;ŽL U14M Liga D: BBA Skokani Brno A - TJ Třebíč;120;49.1951;16.6068;6;3;2026;18;20;6;3;2026;20;20
248;NRL U14M SkA: ŠBK Tygři Borotín - TJ Sokol BK Chrudim;90;49.3955;13.2952;8;3;2026;15;0;8;3;2026;17;0
249;NRL U14M SkA: ŠBK Tygři Borotín - TJ Sokol BK Chrudim;100;49.3955;13.2952;8;3;2026;15;0;8;3;2026;17;0
250;1LŽ Ž: USK Praha B - HB Aritma;60;50.0755;14.4378;7;3;2026;13;0;7;3;2026;15;0
251;1LŽ Ž: USK Praha B - HB Aritma;70;50.0755;14.4378;7;3;2026;13;0;7;3;2026;15;0
252;1LŽ Ž: Žabiny Brno B - DBaK;60;49.1951;16.6068;7;3;2026;14;0;7;3;2026;16;0
253;1LŽ Ž: Žabiny Brno B - DBaK;70;49.1951;16.6068;7;3;2026;14;0;7;3;2026;16;0
254;1LŽ Ž: BSK KP Brno - BK Levhartice Chomutov B;60;49.1951;16.6068;7;3;2026;14;0;7;3;2026;16;0
255;1LŽ Ž: BSK KP Brno - BK Levhartice Chomutov B;70;49.1951;16.6068;7;3;2026;14;0;7;3;2026;16;0
256;1LŽ Ž: BK Havířov - TJ Sokol Pečky;60;49.77;18.44;7;3;2026;17;0;7;3;2026;19;0
257;1LŽ Ž: BK Havířov - TJ Sokol Pečky;70;49.77;18.44;7;3;2026;17;0;7;3;2026;19;0
258;1LŽ Ž: SK UP Olomouc - ŠBK Parker-Hannifin Sadská;60;49.5938;17.2509;7;3;2026;18;0;7;3;2026;20;0
259;1LŽ Ž: SK UP Olomouc - ŠBK Parker-Hannifin Sadská;70;49.5938;17.2509;7;3;2026;18;0;7;3;2026;20;0
260;1LŽ Ž: Sokol Nusle - BA Sparta;60;50.064;14.417;7;3;2026;19;0;7;3;2026;21;0
261;1LŽ Ž: Sokol Nusle - BA Sparta;70;50.064;14.417;7;3;2026;19;0;7;3;2026;21;0
262;1LŽ Ž: BK Havířov - ŠBK Parker-Hannifin Sadská;60;49.77;18.44;8;3;2026;10;0;8;3;2026;12;0
263;1LŽ Ž: BK Havířov - ŠBK Parker-Hannifin Sadská;70;49.77;18.44;8;3;2026;10;0;8;3;2026;12;0
264;1LŽ Ž: BA Sparta - HB Aritma;60;50.0755;14.4378;8;3;2026;11;0;8;3;2026;13;0
265;1LŽ Ž: BA Sparta - HB Aritma;70;50.0755;14.4378;8;3;2026;11;0;8;3;2026;13;0
266;1LŽ Ž: BSK KP Brno - DBaK;60;49.1951;16.6068;8;3;2026;11;15;8;3;2026;13;15
267;1LŽ Ž: BSK KP Brno - DBaK;70;49.1951;16.6068;8;3;2026;11;15;8;3;2026;13;15
268;1LŽ Ž: Žabiny Brno B - BK Levhartice Chomutov B;60;49.1951;16.6068;8;3;2026;12;0;8;3;2026;14;0
269;1LŽ Ž: Žabiny Brno B - BK Levhartice Chomutov B;70;49.1951;16.6068;8;3;2026;12;0;8;3;2026;14;0
270;1LŽ Ž: SK UP Olomouc - TJ Sokol Pečky;60;49.5938;17.2509;8;3;2026;12;0;8;3;2026;14;0
271;1LŽ Ž: SK UP Olomouc - TJ Sokol Pečky;70;49.5938;17.2509;8;3;2026;12;0;8;3;2026;14;0
272;1LŽ Ž: Sokol Nusle - USK Praha B;60;50.064;14.417;8;3;2026;15;0;8;3;2026;17;0
273;1LŽ Ž: Sokol Nusle - USK Praha B;70;50.064;14.417;8;3;2026;15;0;8;3;2026;17;0
274;2LŽ Ž SkB: BK Brandýs nad Labem - Basket Poděbrady;90;50.186;14.66;6;3;2026;19;30;6;3;2026;21;30
275;2LŽ Ž SkB: BK Brandýs nad Labem - Basket Poděbrady;100;50.186;14.66;6;3;2026;19;30;6;3;2026;21;30
276;2LŽ Ž SkB: FASTAV Zlín - Basketbal Kolín;90;49.2266;17.6672;7;3;2026;15;0;7;3;2026;17;0
277;2LŽ Ž SkB: FASTAV Zlín - Basketbal Kolín;100;49.2266;17.6672;7;3;2026;15;0;7;3;2026;17;0
278;2LŽ Ž SkB: BK Sojky Pelhřimov - SK Renocar Podolí;90;49.431;15.222;7;3;2026;15;30;7;3;2026;17;30
279;2LŽ Ž SkB: BK Sojky Pelhřimov - SK Renocar Podolí;100;49.431;15.222;7;3;2026;15;30;7;3;2026;17;30
280;2LŽ Ž SkB: Basketbal Kolín - SK Renocar Podolí;90;50.028;15.2;8;3;2026;11;0;8;3;2026;13;0
281;2LŽ Ž SkB: Basketbal Kolín - SK Renocar Podolí;100;50.028;15.2;8;3;2026;11;0;8;3;2026;13;0
282;2LŽ Ž SkB: Basketbal Čelákovice - Basket Poděbrady;90;50.165;14.75;8;3;2026;11;0;8;3;2026;13;0
283;2LŽ Ž SkB: Basketbal Čelákovice - Basket Poděbrady;100;50.165;14.75;8;3;2026;11;0;8;3;2026;13;0
284;2LŽ Ž SkB: FASTAV Zlín - BK Sojky Pelhřimov;90;49.2266;17.6672;8;3;2026;11;0;8;3;2026;13;0
285;2LŽ Ž SkB: FASTAV Zlín - BK Sojky Pelhřimov;100;49.2266;17.6672;8;3;2026;11;0;8;3;2026;13;0
286;2LŽ Ž SkA: SLUNETA Ústí nad Labem - BK Lokomotiva Karlovy Vary;90;50.6607;14.0322;7;3;2026;11;0;7;3;2026;13;0
287;2LŽ Ž SkA: SLUNETA Ústí nad Labem - BK Lokomotiva Karlovy Vary;100;50.6607;14.0322;7;3;2026;11;0;7;3;2026;13;0
288;2LŽ Ž SkA: BC Benešov - ŠKO-ENERGO Mladá Boleslav;90;49.782;14.687;7;3;2026;15;30;7;3;2026;17;30
289;2LŽ Ž SkA: BC Benešov - ŠKO-ENERGO Mladá Boleslav;100;49.782;14.687;7;3;2026;15;30;7;3;2026;17;30
290;2LŽ Ž SkA: TJ Lokomotiva Liberec I - BA 2006´ Roudnice n.L.;90;50.767;15.056;7;3;2026;16;0;7;3;2026;18;0
291;2LŽ Ž SkA: TJ Lokomotiva Liberec I - BA 2006´ Roudnice n.L.;100;50.767;15.056;7;3;2026;16;0;7;3;2026;18;0
292;2LŽ Ž SkA: BK Strakonice - Bižu Lynx Jablonecko;90;49.2987;13.902;7;3;2026;16;30;7;3;2026;18;30
293;2LŽ Ž SkA: BK Strakonice - Bižu Lynx Jablonecko;100;49.2987;13.902;7;3;2026;16;30;7;3;2026;18;30
294;2LŽ Ž SkA: BA Louny - BK Lvice Litoměřice;90;50.354;13.798;7;3;2026;19;30;7;3;2026;21;30
295;2LŽ Ž SkA: BA Louny - BK Lvice Litoměřice;100;50.354;13.798;7;3;2026;19;30;7;3;2026;21;30
296;2LŽ Ž SkA: BC Benešov - Bižu Lynx Jablonecko;90;49.782;14.687;8;3;2026;11;0;8;3;2026;13;0
297;2LŽ Ž SkA: BC Benešov - Bižu Lynx Jablonecko;100;49.782;14.687;8;3;2026;11;0;8;3;2026;13;0
298;2LŽ Ž SkA: BK Strakonice - ŠKO-ENERGO Mladá Boleslav;90;49.2987;13.902;8;3;2026;12;0;8;3;2026;14;0
299;2LŽ Ž SkA: BK Strakonice - ŠKO-ENERGO Mladá Boleslav;100;49.2987;13.902;8;3;2026;12;0;8;3;2026;14;0
300;2LŽ Ž SkA: BK Lvice Litoměřice - BK Lokomotiva Karlovy Vary;90;50.5335;14.1317;8;3;2026;12;0;8;3;2026;14;0
301;2LŽ Ž SkA: BK Lvice Litoměřice - BK Lokomotiva Karlovy Vary;100;50.5335;14.1317;8;3;2026;12;0;8;3;2026;14;0
302;2LŽ Ž SkA: Sokol Nusle B - TJ Lokomotiva Liberec I;90;50.064;14.417;8;3;2026;13;0;8;3;2026;15;0
303;2LŽ Ž SkA: Sokol Nusle B - TJ Lokomotiva Liberec I;100;50.064;14.417;8;3;2026;13;0;8;3;2026;15;0
304;2LŽ Ž SkA: BA Louny - SLUNETA Ústí nad Labem;90;50.354;13.798;8;3;2026;15;0;8;3;2026;17;0
305;2LŽ Ž SkA: BA Louny - SLUNETA Ústí nad Labem;100;50.354;13.798;8;3;2026;15;0;8;3;2026;17;0
306;NRL U19Ž SkB: SK Bruntál - Basketky Krnov;90;49.988;17.464;8;3;2026;10;0;8;3;2026;12;0
307;NRL U19Ž SkB: SK Bruntál - Basketky Krnov;100;49.988;17.464;8;3;2026;10;0;8;3;2026;12;0
308;EXL U17Ž NSB: BK Loko Trutnov - BA Sparta;80;50.561;15.912;7;3;2026;11;30;7;3;2026;13;30
309;EXL U17Ž NSB: BK Loko Trutnov - BA Sparta;90;50.561;15.912;7;3;2026;11;30;7;3;2026;13;30
310;EXL U17Ž NSB: SLUNETA Ústí n.L. - KP Brno;80;50.6607;14.0322;7;3;2026;13;0;7;3;2026;15;0
311;EXL U17Ž NSB: SLUNETA Ústí n.L. - KP Brno;90;50.6607;14.0322;7;3;2026;13;0;7;3;2026;15;0
312;EXL U17Ž NSB: Válečnice Děčín - ŠBK Parker-Hannifin Sadská;80;50.777;14.214;7;3;2026;13;15;7;3;2026;15;15
313;EXL U17Ž NSB: Válečnice Děčín - ŠBK Parker-Hannifin Sadská;90;50.777;14.214;7;3;2026;13;15;7;3;2026;15;15
314;EXL U17Ž NSB: BSK TJ Jičín - DBaK;80;50.437;15.36;7;3;2026;17;0;7;3;2026;19;0
315;EXL U17Ž NSB: BSK TJ Jičín - DBaK;90;50.437;15.36;7;3;2026;17;0;7;3;2026;19;0
316;EXL U17Ž NSB: Válečnice Děčín - KP Brno;80;50.777;14.214;8;3;2026;9;45;8;3;2026;11;45
317;EXL U17Ž NSB: Válečnice Děčín - KP Brno;90;50.777;14.214;8;3;2026;9;45;8;3;2026;11;45
318;EXL U17Ž NSB: SLUNETA Ústí n.L. - ŠBK Parker-Hannifin Sadská;80;50.6607;14.0322;8;3;2026;10;0;8;3;2026;12;0
319;EXL U17Ž NSB: SLUNETA Ústí n.L. - ŠBK Parker-Hannifin Sadská;90;50.6607;14.0322;8;3;2026;10;0;8;3;2026;12;0
320;EXL U17Ž NSB: BK Loko Trutnov - DBaK;80;50.561;15.912;8;3;2026;11;30;8;3;2026;13;30
321;EXL U17Ž NSB: BK Loko Trutnov - DBaK;90;50.561;15.912;8;3;2026;11;30;8;3;2026;13;30
322;EXL U17Ž NSB: BSK TJ Jičín - BA Sparta;80;50.437;15.36;8;3;2026;14;0;8;3;2026;16;0
323;EXL U17Ž NSB: BSK TJ Jičín - BA Sparta;90;50.437;15.36;8;3;2026;14;0;8;3;2026;16;0
324;EXL U17Ž NSA: Žabiny Brno - BK Lvice Litoměřice;80;49.1951;16.6068;7;3;2026;12;0;7;3;2026;14;0
325;EXL U17Ž NSA: Žabiny Brno - BK Lvice Litoměřice;90;49.1951;16.6068;7;3;2026;12;0;7;3;2026;14;0
326;EXL U17Ž NSA: BK Strakonice - HB Basket Praha;80;49.2987;13.902;7;3;2026;14;30;7;3;2026;16;30
327;EXL U17Ž NSA: BK Strakonice - HB Basket Praha;90;49.2987;13.902;7;3;2026;14;30;7;3;2026;16;30
328;EXL U17Ž NSA: Tygři Praha - Sokol Hradec Králové;80;50.0755;14.4378;7;3;2026;15;30;7;3;2026;17;30
329;EXL U17Ž NSA: Tygři Praha - Sokol Hradec Králové;90;50.0755;14.4378;7;3;2026;15;30;7;3;2026;17;30
330;EXL U17Ž NSA: SBŠ Ostrava - USK Praha;80;49.8209;18.2625;7;3;2026;16;15;7;3;2026;18;15
331;EXL U17Ž NSA: SBŠ Ostrava - USK Praha;90;49.8209;18.2625;7;3;2026;16;15;7;3;2026;18;15
332;EXL U17Ž NSA: Tygři Praha - HB Basket Praha;80;50.0755;14.4378;8;3;2026;9;0;8;3;2026;11;0
333;EXL U17Ž NSA: Tygři Praha - HB Basket Praha;90;50.0755;14.4378;8;3;2026;9;0;8;3;2026;11;0
334;EXL U17Ž NSA: SBŠ Ostrava - BK Lvice Litoměřice;80;49.8209;18.2625;8;3;2026;9;0;8;3;2026;11;0
335;EXL U17Ž NSA: SBŠ Ostrava - BK Lvice Litoměřice;90;49.8209;18.2625;8;3;2026;9;0;8;3;2026;11;0
336;EXL U17Ž NSA: Žabiny Brno - USK Praha;80;49.1951;16.6068;8;3;2026;10;0;8;3;2026;12;0
337;EXL U17Ž NSA: Žabiny Brno - USK Praha;90;49.1951;16.6068;8;3;2026;10;0;8;3;2026;12;0
338;EXL U17Ž NSA: BK Strakonice - Sokol Hradec Králové;80;49.2987;13.902;8;3;2026;10;0;8;3;2026;12;0
339;EXL U17Ž NSA: BK Strakonice - Sokol Hradec Králové;90;49.2987;13.902;8;3;2026;10;0;8;3;2026;12;0
340;CLG U17Ž POC: BK Havířov - K2 Prostějov;90;49.77;18.44;3;3;2026;19;0;3;3;2026;21;0
341;CLG U17Ž POC: BK Havířov - K2 Prostějov;100;49.77;18.44;3;3;2026;19;0;3;3;2026;21;0
342;CLG U17Ž POC: BK Havířov - Basket Opava 2010;90;49.77;18.44;5;3;2026;17;0;5;3;2026;19;0
343;CLG U17Ž POC: BK Havířov - Basket Opava 2010;100;49.77;18.44;5;3;2026;17;0;5;3;2026;19;0
344;CLG U17Ž POC: Žabiny Brno B - SKB FASTAV Zlín;90;49.1951;16.6068;8;3;2026;16;0;8;3;2026;18;0
345;CLG U17Ž POC: Žabiny Brno B - SKB FASTAV Zlín;100;49.1951;16.6068;8;3;2026;16;0;8;3;2026;18;0
346;CLG U17Ž Finálova Sk: TJ Sokol Kladno - BK Levhartice Chomutov;90;50.143;14.1053;3;3;2026;19;0;3;3;2026;21;0
347;CLG U17Ž Finálova Sk: TJ Sokol Kladno - BK Levhartice Chomutov;100;50.143;14.1053;3;3;2026;19;0;3;3;2026;21;0
348;CLG U17Ž Finálova Sk: Basket Ostrava - Vlčice Žďár;90;49.8209;18.2625;7;3;2026;17;0;7;3;2026;19;0
349;CLG U17Ž Finálova Sk: Basket Ostrava - Vlčice Žďár;100;49.8209;18.2625;7;3;2026;17;0;7;3;2026;19;0
350;CLG U17Ž Finálova Sk: SBŠ Ostrava B - BK Studánka Pardubice;90;49.8209;18.2625;7;3;2026;18;30;7;3;2026;20;30
351;CLG U17Ž Finálova Sk: SBŠ Ostrava B - BK Studánka Pardubice;100;49.8209;18.2625;7;3;2026;18;30;7;3;2026;20;30
352;CLG U17Ž Finálova Sk: Basket Ostrava - BK Studánka Pardubice;90;49.8209;18.2625;8;3;2026;10;0;8;3;2026;12;0
353;CLG U17Ž Finálova Sk: Basket Ostrava - BK Studánka Pardubice;100;49.8209;18.2625;8;3;2026;10;0;8;3;2026;12;0
354;CLG U17Ž Finálova Sk: SBŠ Ostrava B - Vlčice Žďár;90;49.8209;18.2625;8;3;2026;11;15;8;3;2026;13;15
355;CLG U17Ž Finálova Sk: SBŠ Ostrava B - Vlčice Žďár;100;49.8209;18.2625;8;3;2026;11;15;8;3;2026;13;15
356;CLG U17Ž POB: Basket Slovanka - KP Brno B;90;50.16;15.06;7;3;2026;11;0;7;3;2026;13;0
357;CLG U17Ž POB: Basket Slovanka - KP Brno B;100;50.16;15.06;7;3;2026;11;0;7;3;2026;13;0
358;CLG U17Ž POB: Sokol Nusle - USK Praha B;90;50.064;14.417;7;3;2026;14;0;7;3;2026;16;0
359;CLG U17Ž POB: Sokol Nusle - USK Praha B;100;50.064;14.417;7;3;2026;14;0;7;3;2026;16;0
360;CLG U17Ž POB: Basket Slovanka - BC Benešov;90;50.16;15.06;8;3;2026;10;0;8;3;2026;12;0
361;CLG U17Ž POB: Basket Slovanka - BC Benešov;100;50.16;15.06;8;3;2026;10;0;8;3;2026;12;0
362;CLG U17Ž POB: BK Brandýs nad Labem - KP Brno B;90;50.186;14.66;8;3;2026;12;15;8;3;2026;14;15
363;CLG U17Ž POB: BK Brandýs nad Labem - KP Brno B;100;50.186;14.66;8;3;2026;12;15;8;3;2026;14;15
364;CLG U17Ž POA: BK Klatovy - DBaK B;90;49.4406;12.9298;7;3;2026;15;0;7;3;2026;17;0
365;CLG U17Ž POA: BK Klatovy - DBaK B;100;49.4406;12.9298;7;3;2026;15;0;7;3;2026;17;0
366;CLG U17Ž POA: BK Lokomotiva Karlovy Vary - AŠ Mladá Boleslav;90;50.4608;13.4178;7;3;2026;17;0;7;3;2026;19;0
367;CLG U17Ž POA: BK Lokomotiva Karlovy Vary - AŠ Mladá Boleslav;100;50.4608;13.4178;7;3;2026;17;0;7;3;2026;19;0
368;CLG U17Ž POA: Tygři Praha B - Bižu Lynx Jablonecko;90;50.0755;14.4378;7;3;2026;17;30;7;3;2026;19;30
369;CLG U17Ž POA: Tygři Praha B - Bižu Lynx Jablonecko;100;50.0755;14.4378;7;3;2026;17;30;7;3;2026;19;30
370;CLG U17Ž POA: BK Lokomotiva Karlovy Vary - Bižu Lynx Jablonecko;90;50.4608;13.4178;8;3;2026;9;0;8;3;2026;11;0
371;CLG U17Ž POA: BK Lokomotiva Karlovy Vary - Bižu Lynx Jablonecko;100;50.4608;13.4178;8;3;2026;9;0;8;3;2026;11;0
372;CLG U17Ž POA: Tygři Praha B - AŠ Mladá Boleslav;90;50.0755;14.4378;8;3;2026;11;0;8;3;2026;13;0
373;CLG U17Ž POA: Tygři Praha B - AŠ Mladá Boleslav;100;50.0755;14.4378;8;3;2026;11;0;8;3;2026;13;0
374;NRL U17Ž SkB: BK Strakonice B - Tigers Basketball České Budějovice;90;49.2987;13.902;3;3;2026;18;15;3;3;2026;20;15
375;NRL U17Ž SkB: BK Strakonice B - Tigers Basketball České Budějovice;100;49.2987;13.902;3;3;2026;18;15;3;3;2026;20;15
376;"NRL U17Ž SkB: BK Příbram 2000 - BC Benešov ""B""";90;49.69;14.01;7;3;2026;14;0;7;3;2026;16;0
377;"NRL U17Ž SkB: BK Příbram 2000 - BC Benešov ""B""";100;49.69;14.01;7;3;2026;14;0;7;3;2026;16;0
378;NRL U17Ž SkB: Radotínský SK - BK Strakonice B;90;50.084;14.453;7;3;2026;16;15;7;3;2026;18;15
379;NRL U17Ž SkB: Radotínský SK - BK Strakonice B;100;50.084;14.453;7;3;2026;16;15;7;3;2026;18;15
380;NRL U17Ž SkA: BC Slaný - BCM Sokolov;90;50.23;14.087;7;3;2026;9;0;7;3;2026;11;0
381;NRL U17Ž SkA: BC Slaný - BCM Sokolov;100;50.23;14.087;7;3;2026;9;0;7;3;2026;11;0
382;NRL U17Ž SkA: TJ Sokol Kladno (MS) - Válečnice Děčín B;90;50.143;14.1053;7;3;2026;10;30;7;3;2026;12;30
383;NRL U17Ž SkA: TJ Sokol Kladno (MS) - Válečnice Děčín B;100;50.143;14.1053;7;3;2026;10;30;7;3;2026;12;30
384;NRL U17Ž SkD: BK Příbor - BK Frýdek-Místek;90;49.64;18.14;7;3;2026;10;0;7;3;2026;12;0
385;NRL U17Ž SkD: BK Příbor - BK Frýdek-Místek;100;49.64;18.14;7;3;2026;10;0;7;3;2026;12;0
386;NRL U17Ž SkD: Basketky Krnov - BK Start Ostrava;90;49.944;17.706;7;3;2026;10;0;7;3;2026;12;0
387;NRL U17Ž SkD: Basketky Krnov - BK Start Ostrava;100;49.944;17.706;7;3;2026;10;0;7;3;2026;12;0
388;NRL U17Ž SkD: Vsetínský Basket - SBŠ Ostrava C;90;49.338;18.005;8;3;2026;9;0;8;3;2026;11;0
389;NRL U17Ž SkD: Vsetínský Basket - SBŠ Ostrava C;100;49.338;18.005;8;3;2026;9;0;8;3;2026;11;0
390;NRL U17Ž SkC: ŠBK  Parker-Hannifin Sadská B - BK NAPOS Vysoká n.L.;90;50.16;15.06;7;3;2026;11;0;7;3;2026;13;0
391;NRL U17Ž SkC: ŠBK  Parker-Hannifin Sadská B - BK NAPOS Vysoká n.L.;100;50.16;15.06;7;3;2026;11;0;7;3;2026;13;0
392;NRL U17Ž SkC: Sokol Nusle B - Loko Trutnov B;90;50.064;14.417;7;3;2026;16;30;7;3;2026;18;30
393;NRL U17Ž SkC: Sokol Nusle B - Loko Trutnov B;100;50.064;14.417;7;3;2026;16;30;7;3;2026;18;30
394;ŽL U15Ž Liga A: ŠBK Parker-Hannifin Sadská - BC Benešov;100;50.16;15.06;4;3;2026;17;30;4;3;2026;19;30
395;ŽL U15Ž Liga A: ŠBK Parker-Hannifin Sadská - BC Benešov;110;50.16;15.06;4;3;2026;17;30;4;3;2026;19;30
396;EXL U15Ž Extraliga B: BSK TJ Jičín - Žabiny Brno;80;50.437;15.36;4;3;2026;17;30;4;3;2026;19;30
397;EXL U15Ž Extraliga B: BSK TJ Jičín - Žabiny Brno;90;50.437;15.36;4;3;2026;17;30;4;3;2026;19;30
398;NRL U15Ž SkC: TJ Sokol Pečky - Basket Poděbrady;90;50.089;15.031;6;3;2026;18;30;6;3;2026;20;30
399;NRL U15Ž SkC: TJ Sokol Pečky - Basket Poděbrady;100;50.089;15.031;6;3;2026;18;30;6;3;2026;20;30
400;NRL U15Ž SkA: Basket Slovanka B - BK Klatovy;90;50.16;15.06;8;3;2026;14;30;8;3;2026;16;30
401;NRL U15Ž SkA: Basket Slovanka B - BK Klatovy;100;50.16;15.06;8;3;2026;14;30;8;3;2026;16;30
402;ŽL U14Ž Liga D: Basket Opava 2010 - BK START Ostrava;110;49.9387;17.9026;6;3;2026;17;30;6;3;2026;19;30
403;ŽL U14Ž Liga D: Basket Opava 2010 - BK START Ostrava;120;49.9387;17.9026;6;3;2026;17;30;6;3;2026;19;30
404;ŽL U14Ž Liga D: BK Havířov - TBS Přerov;110;49.77;18.44;7;3;2026;17;0;7;3;2026;19;0
405;ŽL U14Ž Liga D: BK Havířov - TBS Přerov;120;49.77;18.44;7;3;2026;17;0;7;3;2026;19;0
406;ŽL U14Ž Liga D: SBŠ Ostrava B - TBS Přerov;110;49.8209;18.2625;8;3;2026;15;0;8;3;2026;17;0
407;ŽL U14Ž Liga D: SBŠ Ostrava B - TBS Přerov;120;49.8209;18.2625;8;3;2026;15;0;8;3;2026;17;0
408;ŽL U14Ž Liga A: SKB Rokycany - Tigers Basketball České Budějovice;100;49.742;13.595;6;3;2026;18;30;6;3;2026;20;30
409;ŽL U14Ž Liga A: SKB Rokycany - Tigers Basketball České Budějovice;110;49.742;13.595;6;3;2026;18;30;6;3;2026;20;30
410;ŽL U14Ž Liga A: USK Praha - Válečnice Děčín;100;50.0755;14.4378;7;3;2026;10;30;7;3;2026;12;30
411;ŽL U14Ž Liga A: USK Praha - Válečnice Děčín;110;50.0755;14.4378;7;3;2026;10;30;7;3;2026;12;30
412;ŽL U14Ž Liga A: BK Tachov - SLUNETA Ústí nad Labem;100;49.8;12.63;7;3;2026;16;0;7;3;2026;18;0
413;ŽL U14Ž Liga A: BK Tachov - SLUNETA Ústí nad Labem;110;49.8;12.63;7;3;2026;16;0;7;3;2026;18;0
414;ŽL U14Ž Liga A: USK Praha - SLUNETA Ústí nad Labem;100;50.0755;14.4378;8;3;2026;10;0;8;3;2026;12;0
415;ŽL U14Ž Liga A: USK Praha - SLUNETA Ústí nad Labem;110;50.0755;14.4378;8;3;2026;10;0;8;3;2026;12;0
416;ŽL U14Ž Liga A: SKB Fireballs Rokycany - Tigers Basketball České Budějovice;100;49.742;13.595;8;3;2026;12;0;8;3;2026;14;0
417;ŽL U14Ž Liga A: SKB Fireballs Rokycany - Tigers Basketball České Budějovice;110;49.742;13.595;8;3;2026;12;0;8;3;2026;14;0
418;ŽL U14Ž Liga A: BK Tachov - Válečnice Děčín;100;49.8;12.63;8;3;2026;15;0;8;3;2026;17;0
419;ŽL U14Ž Liga A: BK Tachov - Válečnice Děčín;110;49.8;12.63;8;3;2026;15;0;8;3;2026;17;0
420;ŽL U14Ž Liga C: BK Žabiny Brno B - K2 Prostějov;110;49.1951;16.6068;7;3;2026;8;0;7;3;2026;10;0
421;ŽL U14Ž Liga C: BK Žabiny Brno B - K2 Prostějov;120;49.1951;16.6068;7;3;2026;8;0;7;3;2026;10;0
422;ŽL U14Ž Liga C: BK Studánka Pardubice B - TJ Sokol Lanžhot;110;50.0343;15.7812;7;3;2026;16;0;7;3;2026;18;0
423;ŽL U14Ž Liga C: BK Studánka Pardubice B - TJ Sokol Lanžhot;120;50.0343;15.7812;7;3;2026;16;0;7;3;2026;18;0
424;ŽL U14Ž Liga C: BK Studánka Pardubice - Jiskra Kyjov;110;50.0343;15.7812;7;3;2026;18;0;7;3;2026;20;0
425;ŽL U14Ž Liga C: BK Studánka Pardubice - Jiskra Kyjov;120;50.0343;15.7812;7;3;2026;18;0;7;3;2026;20;0
426;ŽL U14Ž Liga C: BK Studánka Pardubice B - Jiskra Kyjov;110;50.0343;15.7812;8;3;2026;9;0;8;3;2026;11;0
427;ŽL U14Ž Liga C: BK Studánka Pardubice B - Jiskra Kyjov;120;50.0343;15.7812;8;3;2026;9;0;8;3;2026;11;0
428;ŽL U14Ž Liga C: BK Studánka Pardubice - TJ Sokol Lanžhot;110;50.0343;15.7812;8;3;2026;11;0;8;3;2026;13;0
429;ŽL U14Ž Liga C: BK Studánka Pardubice - TJ Sokol Lanžhot;120;50.0343;15.7812;8;3;2026;11;0;8;3;2026;13;0
430;ŽL U14Ž Liga C: BK Žabiny Brno B - OSK Olomouc;110;49.1951;16.6068;8;3;2026;18;0;8;3;2026;20;0
431;ŽL U14Ž Liga C: BK Žabiny Brno B - OSK Olomouc;120;49.1951;16.6068;8;3;2026;18;0;8;3;2026;20;0
432;EXL U14Ž Extraliga A: Basket Slovanka - HB Basket Praha;80;50.16;15.06;7;3;2026;9;0;7;3;2026;11;0
433;EXL U14Ž Extraliga A: Basket Slovanka - HB Basket Praha;90;50.16;15.06;7;3;2026;9;0;7;3;2026;11;0
434;EXL U14Ž Extraliga A: Tygři Praha - BK Lvice Litoměřice;80;50.0755;14.4378;7;3;2026;13;30;7;3;2026;15;30
435;EXL U14Ž Extraliga A: Tygři Praha - BK Lvice Litoměřice;90;50.0755;14.4378;7;3;2026;13;30;7;3;2026;15;30
436;EXL U14Ž Extraliga A: ŠBK Parker-Hannifin Sadská - BK Levhartice Chomutov;80;50.16;15.06;7;3;2026;15;0;7;3;2026;17;0
437;EXL U14Ž Extraliga A: ŠBK Parker-Hannifin Sadská - BK Levhartice Chomutov;90;50.16;15.06;7;3;2026;15;0;7;3;2026;17;0
438;EXL U14Ž Extraliga A: ŠBK Parker-Hannifin Sadská - BK Lvice Litoměřice;80;50.16;15.06;8;3;2026;10;0;8;3;2026;12;0
439;EXL U14Ž Extraliga A: ŠBK Parker-Hannifin Sadská - BK Lvice Litoměřice;90;50.16;15.06;8;3;2026;10;0;8;3;2026;12;0
440;EXL U14Ž Extraliga A: Basket Slovanka - DBaK;80;50.16;15.06;8;3;2026;12;0;8;3;2026;14;0
441;EXL U14Ž Extraliga A: Basket Slovanka - DBaK;90;50.16;15.06;8;3;2026;12;0;8;3;2026;14;0
442;EXL U14Ž Extraliga A: Tygři Praha - BK Levhartice Chomutov;80;50.0755;14.4378;8;3;2026;13;0;8;3;2026;15;0
443;EXL U14Ž Extraliga A: Tygři Praha - BK Levhartice Chomutov;90;50.0755;14.4378;8;3;2026;13;0;8;3;2026;15;0
444;EXL U14Ž Extraliga A: BC Benešov - HB Basket Praha;80;49.782;14.687;8;3;2026;13;0;8;3;2026;15;0
445;EXL U14Ž Extraliga A: BC Benešov - HB Basket Praha;90;49.782;14.687;8;3;2026;13;0;8;3;2026;15;0
446;EXL U14Ž Extraliga B: Žabiny Brno - Vlčice Žďár;80;49.1951;16.6068;7;3;2026;10;0;7;3;2026;12;0
447;EXL U14Ž Extraliga B: Žabiny Brno - Vlčice Žďár;90;49.1951;16.6068;7;3;2026;10;0;7;3;2026;12;0
448;EXL U14Ž Extraliga B: BK Blansko - BK Frýdek-Místek;80;49.364;16.644;7;3;2026;12;0;7;3;2026;14;0
449;EXL U14Ž Extraliga B: BK Blansko - BK Frýdek-Místek;90;49.364;16.644;7;3;2026;12;0;7;3;2026;14;0
450;EXL U14Ž Extraliga B: KP Brno - Sokol Hradec Králové;80;49.1951;16.6068;7;3;2026;13;30;7;3;2026;15;30
451;EXL U14Ž Extraliga B: KP Brno - Sokol Hradec Králové;90;49.1951;16.6068;7;3;2026;13;30;7;3;2026;15;30
452;EXL U14Ž Extraliga B: SBŠ Ostrava - SBŠ Třinec;80;49.8209;18.2625;7;3;2026;14;0;7;3;2026;16;0
453;EXL U14Ž Extraliga B: SBŠ Ostrava - SBŠ Třinec;90;49.8209;18.2625;7;3;2026;14;0;7;3;2026;16;0
454;EXL U14Ž Extraliga B: Žabiny Brno - Sokol Hradec Králové;80;49.1951;16.6068;8;3;2026;8;0;8;3;2026;10;0
455;EXL U14Ž Extraliga B: Žabiny Brno - Sokol Hradec Králové;90;49.1951;16.6068;8;3;2026;8;0;8;3;2026;10;0
456;EXL U14Ž Extraliga B: KP Brno - Vlčice Žďár;80;49.1951;16.6068;8;3;2026;9;0;8;3;2026;11;0
457;EXL U14Ž Extraliga B: KP Brno - Vlčice Žďár;90;49.1951;16.6068;8;3;2026;9;0;8;3;2026;11;0
458;EXL U14Ž Extraliga B: BK Blansko - SBŠ Třinec;80;49.364;16.644;8;3;2026;13;0;8;3;2026;15;0
459;EXL U14Ž Extraliga B: BK Blansko - SBŠ Třinec;90;49.364;16.644;8;3;2026;13;0;8;3;2026;15;0
460;EXL U14Ž Extraliga B: SBŠ Ostrava - BK Frýdek-Místek;80;49.8209;18.2625;8;3;2026;13;30;8;3;2026;15;30
461;EXL U14Ž Extraliga B: SBŠ Ostrava - BK Frýdek-Místek;90;49.8209;18.2625;8;3;2026;13;30;8;3;2026;15;30
462;ŽL U14Ž Liga B: BK Brandýs nad Labem - BK Loko Trutnov;110;50.186;14.66;7;3;2026;14;0;7;3;2026;16;0
463;ŽL U14Ž Liga B: BK Brandýs nad Labem - BK Loko Trutnov;120;50.186;14.66;7;3;2026;14;0;7;3;2026;16;0
464;ŽL U14Ž Liga B: BA LYNX Liberecko - BSK TJ Jičín;110;50.767;15.056;7;3;2026;14;30;7;3;2026;16;30
465;ŽL U14Ž Liga B: BA LYNX Liberecko - BSK TJ Jičín;120;50.767;15.056;7;3;2026;14;30;7;3;2026;16;30
466;ŽL U14Ž Liga B: Sokol Kladno - TJ Sokol Pečky;110;50.143;14.1053;7;3;2026;18;0;7;3;2026;20;0
467;ŽL U14Ž Liga B: Sokol Kladno - TJ Sokol Pečky;120;50.143;14.1053;7;3;2026;18;0;7;3;2026;20;0
468;ŽL U14Ž Liga B: BA Sparta Praha - TJ Sokol Pečky;110;50.0755;14.4378;8;3;2026;9;0;8;3;2026;11;0
469;ŽL U14Ž Liga B: BA Sparta Praha - TJ Sokol Pečky;120;50.0755;14.4378;8;3;2026;9;0;8;3;2026;11;0
470;ŽL U14Ž Liga B: BK Brandýs nad Labem - BSK TJ Jičín;110;50.186;14.66;8;3;2026;10;0;8;3;2026;12;0
471;ŽL U14Ž Liga B: BK Brandýs nad Labem - BSK TJ Jičín;120;50.186;14.66;8;3;2026;10;0;8;3;2026;12;0
472;ŽL U14Ž Liga B: BA LYNX Liberecko - BK Loko Trutnov;110;50.767;15.056;8;3;2026;14;0;8;3;2026;16;0
473;ŽL U14Ž Liga B: BA LYNX Liberecko - BK Loko Trutnov;120;50.767;15.056;8;3;2026;14;0;8;3;2026;16;0
474;NRL U14Ž SkA: HB Basket Praha B - Wizards Kunratice;90;50.0755;14.4378;7;3;2026;15;15;7;3;2026;17;15
475;NRL U14Ž SkA: HB Basket Praha B - Wizards Kunratice;100;50.0755;14.4378;7;3;2026;15;15;7;3;2026;17;15
476;NRL U14Ž SkA: Tygři Praha B - BC Benešov B;90;50.0755;14.4378;7;3;2026;17;0;7;3;2026;19;0
477;NRL U14Ž SkA: Tygři Praha B - BC Benešov B;100;50.0755;14.4378;7;3;2026;17;0;7;3;2026;19;0
478;NRL U14Ž SkA: HB Basket Praha B - BC Benešov B;90;50.0755;14.4378;8;3;2026;10;0;8;3;2026;12;0
479;NRL U14Ž SkA: HB Basket Praha B - BC Benešov B;100;50.0755;14.4378;8;3;2026;10;0;8;3;2026;12;0
480;NRL U14Ž SkA: Tygři Praha B - Wizards Kunratice;90;50.0755;14.4378;8;3;2026;17;0;8;3;2026;19;0
481;NRL U14Ž SkA: Tygři Praha B - Wizards Kunratice;100;50.0755;14.4378;8;3;2026;17;0;8;3;2026;19;0
